<?xml version="1.0" encoding="UTF-8"?>
    <addon id="repository.appletv4" name="appletv4 repository" version="0.1.0" provider-name="ash2arun">
        <requires>
            <import addon="xbmc.addon" version="12.0.0"/>
        </requires>
        <extension point="xbmc.addon.repository" name="appletv4 repository">
            <info compressed="false">https://raw.githubusercontent.com/ash2arun/appletv4repo/master/_repo/addons.xml</info>
            <checksum>https://raw.githubusercontent.com/ash2arun/appletv4repo/master/_repo/addons.xml.md5</checksum>
            <datadir zip="true">https://raw.githubusercontent.com/ash2arun/appletv4repo/master/_repo/</datadir>
            <hashes>false</hashes>
        </extension>
        <extension point="xbmc.addon.metadata">
            <summary>Test repo for watchsuntv</summary>
            <description>Test repo for github install of watchsuntv</description>
            <platform>all</platform>
    </extension>
</addon>